{
  "python": {
    "city": [
      "\u4e0a\u6d77",
      "\u6df1\u5733",
      "\u82cf\u5dde",
      "\u5e7f\u5dde",
      "\u6210\u90fd",
      "\u897f\u5b89",
      "\u676d\u5dde",
      "\u5317\u4eac",
      "\u6b66\u6c49",
      "\u6c88\u9633",
      "\u5357\u4eac",
      "\u5f02\u5730\u62db\u8058"
    ],
    "avg_salary": [
      11.82,
      11.082222222222223,
      9.472222222222223,
      10.357638888888888,
      7.574074074074074,
      6.619047619047619,
      9.021739130434783,
      12.125850340136054,
      7.617647058823529,
      4.416666666666667,
      8.076923076923077,
      9.397058823529411
    ]
  },
  "\u5927\u6570\u636e": {
    "city": [
      "\u6606\u660e",
      "\u4e0a\u6d77",
      "\u6df1\u5733",
      "\u82cf\u5dde",
      "\u5e7f\u5dde",
      "\u6210\u90fd",
      "\u897f\u5b89",
      "\u5408\u80a5",
      "\u5929\u6d25",
      "\u676d\u5dde",
      "\u90d1\u5dde",
      "\u5317\u4eac",
      "\u6b66\u6c49",
      "\u8d35\u9633",
      "\u65e0\u9521",
      "\u77f3\u5bb6\u5e84",
      "\u6c88\u9633",
      "\u5357\u4eac",
      "\u957f\u6c99",
      "\u5f02\u5730\u62db\u8058",
      "\u9752\u5c9b",
      "\u91cd\u5e86",
      "\u6d4e\u5357",
      "\u4e1c\u839e",
      "\u4f5b\u5c71",
      "\u957f\u6625",
      "\u5357\u660c",
      "\u53a6\u95e8",
      "\u798f\u5dde",
      "\u5927\u8fde",
      "\u73e0\u6d77",
      "\u54c8\u5c14\u6ee8",
      "\u5b81\u6ce2",
      "\u5e38\u5dde",
      "\u5357\u5b81",
      "\u592a\u539f"
    ],
    "avg_salary": [
      9.076923076923077,
      14.98564607579827,
      15.501293532338304,
      11.92337164750958,
      13.453134698944757,
      11.974310776942357,
      9.979411764705882,
      9.387242798353912,
      9.920588235294119,
      13.892364990689014,
      7.275362318840579,
      16.132341051084158,
      9.476775956284152,
      6.569767441860465,
      8.8125,
      5.270491803278689,
      5.406849315068493,
      10.840272614622057,
      10.688775510204081,
      12.162373145979707,
      8.61864406779661,
      9.396505376344088,
      8.543859649122806,
      9.393333333333334,
      11.395833333333334,
      5.555555555555555,
      9.126984126984128,
      9.141880341880341,
      7.326558265582657,
      8.306122448979592,
      9.381944444444445,
      7.846153846153846,
      9.458333333333332,
      6.730769230769231,
      10.142857142857142,
      6.757575757575759
    ]
  },
  "java": {
    "city": [
      "\u6606\u660e",
      "\u4e0a\u6d77",
      "\u6df1\u5733",
      "\u82cf\u5dde",
      "\u5e7f\u5dde",
      "\u6210\u90fd",
      "\u897f\u5b89",
      "\u5408\u80a5",
      "\u5929\u6d25",
      "\u676d\u5dde",
      "\u90d1\u5dde",
      "\u5317\u4eac",
      "\u6b66\u6c49",
      "\u8d35\u9633",
      "\u65e0\u9521",
      "\u77f3\u5bb6\u5e84",
      "\u6c88\u9633",
      "\u5357\u4eac",
      "\u957f\u6c99",
      "\u5f02\u5730\u62db\u8058",
      "\u9752\u5c9b",
      "\u91cd\u5e86",
      "\u6d4e\u5357",
      "\u4e1c\u839e",
      "\u67f3\u5dde",
      "\u4f5b\u5c71",
      "\u5609\u5174",
      "\u957f\u6625",
      "\u5357\u660c",
      "\u53a6\u95e8",
      "\u798f\u5dde",
      "\u5927\u8fde",
      "\u73e0\u6d77",
      "\u54c8\u5c14\u6ee8",
      "\u5b81\u6ce2",
      "\u5e38\u5dde",
      "\u547c\u548c\u6d69\u7279",
      "\u4e4c\u9c81\u6728\u9f50",
      "\u5357\u5b81",
      "\u592a\u539f"
    ],
    "avg_salary": [
      6.363636363636363,
      13.18892086330935,
      11.631381055676076,
      8.365671641791044,
      9.957142857142856,
      8.30888888888889,
      7.653409090909091,
      5.127694859038142,
      7.65,
      11.296258503401358,
      4.9468531468531465,
      12.627746870653684,
      6.671656686626747,
      7.297619047619048,
      7.678571428571429,
      4.982758620689655,
      4.702040816326531,
      8.935345911949684,
      7.118279569892473,
      7.743154761904761,
      7.290123456790123,
      7.6923076923076925,
      6.201923076923077,
      8.835802469135801,
      4.35,
      8.801587301587302,
      8.488095238095237,
      5.171875,
      6.783720930232558,
      8.083333333333334,
      5.0853909465020575,
      6.351380042462845,
      8.18840579710145,
      5.03030303030303,
      8.87037037037037,
      6.476190476190476,
      5.45,
      5.590909090909091,
      6.472222222222222,
      5.5
    ]
  }
}